year,event_file,event,day,class,status,position,start_number,rider_name,motorcycle,club,ride_time,gps_penalty,cp_penalty,laps,total_time,start_time,finish_time,points,gap_to_leader,partial_time
2020,hard_enduro_gorna-malina-2020-day1.pdf,Горна Малина 2020,1,ПРОФИ,FIN,1,23,Теодор КАБАКЧИЕВ,KTM 300 EXC,СК ЕКСТРИЙМ РЕЙСИНГ,02:55:34,,,1,2:55:34.4,10:00:00,12:55:34,25,0,
2020,hard_enduro_gorna-malina-2020-day1.pdf,Горна Малина 2020,1,ПРОФИ,FIN,2,19,Любомир ИВАНОВ,Бияча,МСК ПРЕПАРАТОРИТЕ,03:07:23,,,1,3:07:23.7,10:00:30,13:07:53,22,11:49.3,
2020,hard_enduro_gorna-malina-2020-day1.pdf,Горна Малина 2020,1,ПРОФИ,FIN,3,26,Георги ТОПАЛОВ,Husqvarna TX 300 MY,WINBET Hard Riders,04:19:33,,,1,4:19:33.1,10:02:30,14:22:03,20,1:23:58.7,
2020,hard_enduro_gorna-malina-2020-day1.pdf,Горна Малина 2020,1,ПРОФИ,FIN,4,30,Илиян КУЗМАНОВ,Honda,СК АФГ ТИМ,04:47:53,,,1,4:47:53.9,10:01:00,14:48:53,18,1:52:19.5,
2020,hard_enduro_gorna-malina-2020-day1.pdf,Горна Малина 2020,1,ПРОФИ,FIN,5,666,Цветан ДЕНЕВ,KTM 300 EXC,АЛБА ДАМАСЦЕНА МСК,06:24:35,01:00:00,,1,7:24:35.6,10:02:00,16:26:35,16,4:29:01.2,
2020,hard_enduro_gorna-malina-2020-day1.pdf,Горна Малина 2020,1,ПРОФИ,DNF,,212,Мартин ПЕТКОВ KTM EXC 300,,,,,,,,,,,,
2020,hard_enduro_gorna-malina-2020-day1.pdf,Горна Малина 2020,1,ЕКСПЕРТ,FIN,1,272,Кристиан ПЕТРОВ,KTM 300 EXC,WINBET Hard Riders,02:39:06,,,1,2:39:06.1,10:15:00,12:54:06,25,0,
2020,hard_enduro_gorna-malina-2020-day1.pdf,Горна Малина 2020,1,ЕКСПЕРТ,FIN,2,125,Десислав ЦЕКОВ,Husqvarna FE350,WINBET Hard Riders,02:51:53,,,1,2:51:53.3,10:18:00,13:09:53,22,12:47.2,
2020,hard_enduro_gorna-malina-2020-day1.pdf,Горна Малина 2020,1,ЕКСПЕРТ,FIN,3,94,Димитър ЦВЕТКОВ,KTM 425,НК ЕНДУРО ВИКТОРИ,03:05:43,,,1,3:05:43.5,10:38:00,13:43:43,20,26:37.4,
2020,hard_enduro_gorna-malina-2020-day1.pdf,Горна Малина 2020,1,ЕКСПЕРТ,FIN,4,180,Николай СЛАВОВ,KTM 300 EXC,НК ЕНДУРО ВИКТОРИ,03:07:43,,,1,3:07:43.9,10:16:00,13:23:43,18,28:37.8,
2020,hard_enduro_gorna-malina-2020-day1.pdf,Горна Малина 2020,1,ЕКСПЕРТ,FIN,5,279,Мартин ПЕШЕВ,Husqvarna te 300i,МСК БАБИЧКА РЕЙСИНГ,03:09:23,,,1,3:09:23.0,10:26:00,13:35:23,16,30:16.9,
2020,hard_enduro_gorna-malina-2020-day1.pdf,Горна Малина 2020,1,ЕКСПЕРТ,FIN,6,611,Светлин ИВАНОВ,Husqvarna FX350,WINBET Hard Riders,03:16:50,,,1,3:16:50.7,10:18:30,13:35:20,15,37:44.6,
2020,hard_enduro_gorna-malina-2020-day1.pdf,Горна Малина 2020,1,ЕКСПЕРТ,FIN,7,715,Христо ГЕОРГИЕВ,KTM 350,ЕК ЛУДА РАБОТА,03:17:36,,,1,3:17:36.3,10:17:30,13:35:06,14,38:30.2,
2020,hard_enduro_gorna-malina-2020-day1.pdf,Горна Малина 2020,1,ЕКСПЕРТ,FIN,8,102,Атанас АНГЕЛОВ,Husqvarna TE300i,WINBET Hard Riders,03:18:07,,,1,3:18:07.4,10:17:00,13:35:07,13,39:01.3,
2020,hard_enduro_gorna-malina-2020-day1.pdf,Горна Малина 2020,1,ЕКСПЕРТ,FIN,9,101,Дурмушали САИДХОДЖА,husqvarna te 300,МСК ШАРП РАЙДЪРС,03:26:55,,,1,3:26:55.4,10:15:30,13:42:25,12,47:49.3,
2020,hard_enduro_gorna-malina-2020-day1.pdf,Горна Малина 2020,1,ЕКСПЕРТ,FIN,10,17,Богдан ЛОЛОВ,КТМ 300ЕХС,ЕНДУРО КЛУБ СЕВТОПОЛИС,03:35:21,,,1,3:35:21.9,10:46:00,14:21:21,11,56:15.8,
2020,hard_enduro_gorna-malina-2020-day1.pdf,Горна Малина 2020,1,ЕКСПЕРТ,FIN,11,128,Божидар КРЪСТЕВ,Beta 300 RR,ЕНДУРО КЛУБ СЕВТОПОЛИС,03:36:01,,,1,3:36:01.8,10:22:00,13:58:01,10,56:55.7,
2020,hard_enduro_gorna-malina-2020-day1.pdf,Горна Малина 2020,1,ЕКСПЕРТ,FIN,12,131,Борис ЧАКЪРОВ,KTM 300 EXC,МОТО ДРУЖИНА БАНСКО,03:37:43,,,1,3:37:43.3,10:43:30,14:21:13,9,58:37.2,
2020,hard_enduro_gorna-malina-2020-day1.pdf,Горна Малина 2020,1,ЕКСПЕРТ,FIN,13,997,Димитър РОЙДОВ,Beta Rr 300,ЕНДУРО КЛУБ СЕВТОПОЛИС,03:38:58,,,1,3:38:58.7,10:41:00,14:19:58,8,59:52.6,
2020,hard_enduro_gorna-malina-2020-day1.pdf,Горна Малина 2020,1,ЕКСПЕРТ,FIN,14,203,Веско ПАСПАЛЕВ,Husqvarna TE 300,НК ЕНДУРО ВИКТОРИ,03:39:30,,,1,3:39:30.8,10:34:30,14:14:00,7,60:24.7,
2020,hard_enduro_gorna-malina-2020-day1.pdf,Горна Малина 2020,1,ЕКСПЕРТ,FIN,15,411,Калоян ТОТЕВ,KTM TPI 300,МСК БАБИЧКА РЕЙСИНГ,03:41:07,,,1,3:41:07.5,10:25:30,14:06:37,6,1:02:01.4,
2020,hard_enduro_gorna-malina-2020-day1.pdf,Горна Малина 2020,1,ЕКСПЕРТ,FIN,16,299,Йордан КОВАЧЕВ,Ktm300,МОТО ДРУЖИНА БАНСКО,03:41:28,,,1,3:41:28.1,10:38:30,14:19:58,5,1:02:22.0,
2020,hard_enduro_gorna-malina-2020-day1.pdf,Горна Малина 2020,1,ЕКСПЕРТ,FIN,17,194,Васил ШИШКОВ,KTM 300 EXC,МСК ЕНДУРО СЕВЛИЕВО,03:44:00,,,1,3:44:00.3,10:22:30,14:06:30,4,1:04:54.2,
2020,hard_enduro_gorna-malina-2020-day1.pdf,Горна Малина 2020,1,ЕКСПЕРТ,FIN,18,99,Светослав МАРИНОВ,KTM EXC 300 TPI,МСК ЕНДУРО СЕВЛИЕВО,03:45:32,,,1,3:45:32.8,10:27:30,14:13:02,3,1:06:26.7,
2020,hard_enduro_gorna-malina-2020-day1.pdf,Горна Малина 2020,1,ЕКСПЕРТ,FIN,19,48,Мариян МИТЕВ,Ktm 300 exc,АЛБА ДАМАСЦЕНА МСК,03:46:51,,,1,3:46:51.7,10:23:00,14:09:51,2,1:07:45.6,
2020,hard_enduro_gorna-malina-2020-day1.pdf,Горна Малина 2020,1,ЕКСПЕРТ,FIN,20,123,Димитър ЧУКУРОВ,KTM 350 EXC,ЕК ЛУДА РАБОТА,03:52:53,,,1,3:52:53.6,10:36:30,14:29:23,1,1:13:47.5,
2020,hard_enduro_gorna-malina-2020-day1.pdf,Горна Малина 2020,1,ЕКСПЕРТ,FIN,21,464,Иван САРПИОНОВ,KTM EXC 350,WINBET Hard Riders,03:53:02,,,1,3:53:02.1,10:20:00,14:13:02,0,1:13:56.0,
2020,hard_enduro_gorna-malina-2020-day1.pdf,Горна Малина 2020,1,ЕКСПЕРТ,FIN,22,817,Борис КОЦЕВ,Yamaha wr250f,WINBET Hard Riders,03:54:10,,,1,3:54:10.3,10:25:00,14:19:10,0,1:15:04.2,
2020,hard_enduro_gorna-malina-2020-day1.pdf,Горна Малина 2020,1,ЕКСПЕРТ,FIN,23,12,Пламен ПЕНЧЕВ,ктм tpi 300,МК БАБИЧКА РЕЙСИНГ,03:24:59,00:30:00,,1,3:55:00.0,10:39:00,14:03:59,0,1:15:53.9,
2020,hard_enduro_gorna-malina-2020-day1.pdf,Горна Малина 2020,1,ЕКСПЕРТ,FIN,24,441,Мартин ЙОРДАНОВ,Husqvarna 300Te,WINBET Hard Riders,04:01:04,,,1,4:01:04.2,10:19:30,14:20:34,0,1:21:58.1,
2020,hard_enduro_gorna-malina-2020-day1.pdf,Горна Малина 2020,1,ЕКСПЕРТ,FIN,25,613,Светослав ПАШЕВ,HUSQVARNA 300TE,WINBET Hard Riders,04:02:52,,,1,4:02:52.9,10:28:00,14:30:52,0,1:23:46.8,
2020,hard_enduro_gorna-malina-2020-day1.pdf,Горна Малина 2020,1,ЕКСПЕРТ,FIN,26,37,Илиян МАНОЛОВ,Husqvarna Te 300,МСК БАБИЧКА РЕЙСИНГ,04:03:46,,,1,4:03:46.8,10:26:30,14:30:16,0,1:24:40.7,
2020,hard_enduro_gorna-malina-2020-day1.pdf,Горна Малина 2020,1,ЕКСПЕРТ,FIN,27,400,Иван ГЕНЧЕВ,Ktm tpi 300,МСК ХАРД ЕНДУРО ПЛЕВЕН,04:12:43,,,1,4:12:43.9,10:20:30,14:33:13,0,1:33:37.8,
2020,hard_enduro_gorna-malina-2020-day1.pdf,Горна Малина 2020,1,ЕКСПЕРТ,FIN,28,872,Алекс ИВАНОВИЧ,Husaberg 300,МСК БАБИЧКА РЕЙСИНГ,04:17:24,,,1,4:17:24.9,10:23:30,14:40:54,0,1:38:18.8,
2020,hard_enduro_gorna-malina-2020-day1.pdf,Горна Малина 2020,1,ЕКСПЕРТ,FIN,29,161,Христо БОТЕВ,KTM 300,ЕНДУРО КЛУБ СЕВТОПОЛИС,04:22:09,,,1,4:22:09.3,10:28:30,14:50:39,0,1:43:03.2,
2020,hard_enduro_gorna-malina-2020-day1.pdf,Горна Малина 2020,1,ЕКСПЕРТ,FIN,30,90,Димитър ДИМИТРОВ,KTM 300,WINBET Hard Riders,04:26:27,,,1,4:26:27.8,10:24:30,14:50:57,0,1:47:21.7,
2020,hard_enduro_gorna-malina-2020-day1.pdf,Горна Малина 2020,1,ЕКСПЕРТ,FIN,31,69,Михаил МИТОВ,KTM 300 EXC,WINBET Hard Riders,04:26:58,,,1,4:26:58.0,10:37:30,15:04:28,0,1:47:51.9,
2020,hard_enduro_gorna-malina-2020-day1.pdf,Горна Малина 2020,1,ЕКСПЕРТ,FIN,32,83,Лъчезар ВУНЧЕВ,KTM EXC,МСК БАБИЧКА РЕЙСИНГ,03:58:36,00:30:00,,1,4:28:36.5,10:30:00,14:28:36,0,1:49:30.4,
2020,hard_enduro_gorna-malina-2020-day1.pdf,Горна Малина 2020,1,ЕКСПЕРТ,FIN,33,778,Радослав ДЖАДЖАРОВ,beta450rr,МСК СБ МОТО РЕЙСИНГ ТИЙ,04:44:12,,,1,4:44:12.8,10:30:30,15:14:42,0,2:05:06.7,
2020,hard_enduro_gorna-malina-2020-day1.pdf,Горна Малина 2020,1,ЕКСПЕРТ,FIN,34,80,Байрям УРУЧ,KTM 300,ЕНДУРО КЛУБ КОРНИЦА,04:48:18,,,1,4:48:18.2,10:24:00,15:12:18,0,2:09:12.1,
2020,hard_enduro_gorna-malina-2020-day1.pdf,Горна Малина 2020,1,ЕКСПЕРТ,FIN,35,905,Цветелин КОСТАДИНОВ,Ktm exc 350,НК ЕНДУРО ВИКТОРИ,04:59:14,,,1,4:59:14.1,10:40:30,15:39:44,0,2:20:08.0,
2020,hard_enduro_gorna-malina-2020-day1.pdf,Горна Малина 2020,1,ЕКСПЕРТ,FIN,36,45,Мохарем ХАДЖИБЕКИР,Husqwarna TE 300,ЕНДУРО КЛУБ КОРНИЦА,04:30:58,00:30:00,,1,5:00:58.8,10:27:00,14:57:58,0,2:21:52.7,
2020,hard_enduro_gorna-malina-2020-day1.pdf,Горна Малина 2020,1,ЕКСПЕРТ,FIN,37,39,Любомир НИКОЛОВ,KTM 300,МСК ПРЕПАРАТОРИТЕ,05:02:42,,,1,5:02:42.8,10:41:30,15:44:12,0,2:23:36.7,
2020,hard_enduro_gorna-malina-2020-day1.pdf,Горна Малина 2020,1,ЕКСПЕРТ,FIN,38,655,Адем МУСА,KTM 500 EXC facelift,ЕНДУРО КЛУБ КОРНИЦА,05:09:12,,,1,5:09:12.3,10:31:30,15:40:42,0,2:30:06.2,
2020,hard_enduro_gorna-malina-2020-day1.pdf,Горна Малина 2020,1,ЕКСПЕРТ,FIN,39,31,Христо МИХОВ,KTM 450,МСК БАБИЧКА РЕЙСИНГ,05:13:16,,,1,5:13:16.3,10:31:00,15:44:16,0,2:34:10.2,
2020,hard_enduro_gorna-malina-2020-day1.pdf,Горна Малина 2020,1,ЕКСПЕРТ,FIN,40,979,Саво ВЕНКОВ,Хускварна 300,МОТО ДРУЖИНА БАНСКО,05:19:53,,,1,5:19:53.2,10:45:30,16:05:23,0,2:40:47.1,
2020,hard_enduro_gorna-malina-2020-day1.pdf,Горна Малина 2020,1,ЕКСПЕРТ,FIN,41,25,Бижо БИЖЕВ,KTM 300 EXC,WINBET Hard Riders,05:40:12,00:30:00,,1,6:10:12.2,10:39:30,16:19:42,0,3:31:06.1,
2020,hard_enduro_gorna-malina-2020-day1.pdf,Горна Малина 2020,1,ЕКСПЕРТ,FIN,42,86,Данко СЛАВОВ,Бета 450,WINBET Hard Riders,06:21:33,00:30:00,,1,6:51:33.9,10:34:00,16:55:33,0,4:12:27.8,
2020,hard_enduro_gorna-malina-2020-day1.pdf,Горна Малина 2020,1,ЕКСПЕРТ,FIN,43,71,Мартин ДУМАНОВ,KTM EXC 300,МОТО ДРУЖИНА БАНСКО,05:35:21,01:30:00,,1,7:05:21.9,10:44:00,16:19:21,0,4:26:15.8,
2020,hard_enduro_gorna-malina-2020-day1.pdf,Горна Малина 2020,1,ЕКСПЕРТ,DNF,,27,Ясен ГЕОРГИЕВ Beta 300 RR 3:26:49.1,,,,,,,,,,,,
2020,hard_enduro_gorna-malina-2020-day1.pdf,Горна Малина 2020,1,ЕКСПЕРТ,DNF,,29,Руслан ЦВЕТАНОВ Yamaha yz 450 f 3:38:19.8,,,,,,,,,,,,
2020,hard_enduro_gorna-malina-2020-day1.pdf,Горна Малина 2020,1,ЕКСПЕРТ,DNF,,42,Илиян ИЛИЕВ Beta 300,,,,,,,,,,,,
2020,hard_enduro_gorna-malina-2020-day1.pdf,Горна Малина 2020,1,ЕКСПЕРТ,DNF,,56,Станимир ДЯКОВ Beta 300 rr 5:04:53.5,,,,,,,,,,,,
2020,hard_enduro_gorna-malina-2020-day1.pdf,Горна Малина 2020,1,ЕКСПЕРТ,DNF,,84,Методи ПАВЛОВ Husqvarna TX300,,,,,,,,,,,,
2020,hard_enduro_gorna-malina-2020-day1.pdf,Горна Малина 2020,1,ЕКСПЕРТ,DNF,,151,Николай МАНОВ Huskvarna 350 3:12:21.4,,,,,,,,,,,,
2020,hard_enduro_gorna-malina-2020-day1.pdf,Горна Малина 2020,1,ЕКСПЕРТ,DNF,,218,Николай НЕДЯЛКОВ Husaberg 450,,,,,,,,,,,,
2020,hard_enduro_gorna-malina-2020-day1.pdf,Горна Малина 2020,1,ЕКСПЕРТ,DNF,,219,Свилен СЛАВОВ KTM EXC 450,,,,,,,,,,,,
2020,hard_enduro_gorna-malina-2020-day1.pdf,Горна Малина 2020,1,ЕКСПЕРТ,DNF,,250,Александър ПОПМИНЧЕВ husqvarna,,,,,,,,,,,,
2020,hard_enduro_gorna-malina-2020-day1.pdf,Горна Малина 2020,1,ЕКСПЕРТ,DNF,,270,Мариян НИКОЛОВ Yamaha Yz450f 3:21:26.0,,,,,,,,,,,,
2020,hard_enduro_gorna-malina-2020-day1.pdf,Горна Малина 2020,1,ЕКСПЕРТ,DNF,,278,Кристиян ГЪЛЪБОВ Ktm Exc 300 TPI,,,,,,,,,,,,
2020,hard_enduro_gorna-malina-2020-day1.pdf,Горна Малина 2020,1,ЕКСПЕРТ,DNF,,292,Светослав ХРИСТОВ Husgvarna 500,,,,,,,,,,,,
2020,hard_enduro_gorna-malina-2020-day1.pdf,Горна Малина 2020,1,ЕКСПЕРТ,DNF,,333,МЕДИ ЛОШЕВ Husqvarna 450 2:46:19.1,,,,,,,,,,,,
2020,hard_enduro_gorna-malina-2020-day1.pdf,Горна Малина 2020,1,ЕКСПЕРТ,DNF,,389,Костадин ХРИСТОВ Husqvarna,,,,,,,,,,,,
2020,hard_enduro_gorna-malina-2020-day1.pdf,Горна Малина 2020,1,ЕКСПЕРТ,DNF,,460,Андрей ГЕОРГИЕВ KTM exc 450,,,,,,,,,,,,
2020,hard_enduro_gorna-malina-2020-day1.pdf,Горна Малина 2020,1,ЕКСПЕРТ,DNF,,555,Александър ЦЕНОВ Beta 300rr 5:53:17.8,,,,,,,,,,,,
2020,hard_enduro_gorna-malina-2020-day1.pdf,Горна Малина 2020,1,ЕКСПЕРТ,DNF,,582,Летиф ШАКИРОВ Yamaha WR 6:10:49.7,,,,,,,,,,,,
2020,hard_enduro_gorna-malina-2020-day1.pdf,Горна Малина 2020,1,ЕКСПЕРТ,DNF,,636,Мустафа ЦИКО Husqwarna TE 300,,,,,,,,,,,,
2020,hard_enduro_gorna-malina-2020-day1.pdf,Горна Малина 2020,1,СЕНЬОРИ,FIN,1,523,Георги ДАМЯНОВ,Husqvarna te 300,WINBET Hard Riders,03:03:05,,,1,3:03:05.9,10:05:30,13:08:35,25,0,
2020,hard_enduro_gorna-malina-2020-day1.pdf,Горна Малина 2020,1,СЕНЬОРИ,FIN,2,54,Габриел ТОТЕВ,KTM 450 EXC,АЛБА ДАМАСЦЕНА МСК,03:03:20,,,1,3:03:20.8,10:07:00,13:10:20,22,14.9,
2020,hard_enduro_gorna-malina-2020-day1.pdf,Горна Малина 2020,1,СЕНЬОРИ,FIN,3,74,Асан ИМАМОВ,KTM 300,ЕНДУРО КЛУБ КОРНИЦА,03:09:28,,,1,3:09:28.4,10:05:00,13:14:28,20,6:22.5,
2020,hard_enduro_gorna-malina-2020-day1.pdf,Горна Малина 2020,1,СЕНЬОРИ,FIN,4,5,Радостин ГЕОРГИЕВ,KTM 300,ЕК ЛУДА РАБОТА,03:10:55,,,1,3:10:55.4,10:10:30,13:21:25,18,7:49.5,
2020,hard_enduro_gorna-malina-2020-day1.pdf,Горна Малина 2020,1,СЕНЬОРИ,FIN,5,158,Теньо ПАПАНОВ,Yamaha YZ 450,АЛБА ДАМАСЦЕНА МСК,03:28:06,,,1,3:28:06.3,10:08:00,13:36:06,16,25:00.4,
2020,hard_enduro_gorna-malina-2020-day1.pdf,Горна Малина 2020,1,СЕНЬОРИ,FIN,6,3,Виктор ДИМОВ,Beta 300,ЕНДУРО КЛУБ СЕВТОПОЛИС,03:28:35,,,1,3:28:35.3,10:06:30,13:35:05,15,25:29.4,
2020,hard_enduro_gorna-malina-2020-day1.pdf,Горна Малина 2020,1,СЕНЬОРИ,FIN,7,70,Стоян ПАЧАРОЗОВ,KTM 200,МСК ЕКС ЕНДУРО КЪРНАРЕ,03:29:59,,,1,3:29:59.8,10:06:00,13:35:59,14,26:53.9,
2020,hard_enduro_gorna-malina-2020-day1.pdf,Горна Малина 2020,1,СЕНЬОРИ,FIN,8,501,Дилян ДИЧЕВ,KTM TPI300,МСК ХАРД ЕНДУРО ПЛЕВЕН,03:30:24,,,1,3:30:24.9,10:08:30,13:38:54,13,27:19.0,
2020,hard_enduro_gorna-malina-2020-day1.pdf,Горна Малина 2020,1,СЕНЬОРИ,FIN,9,129,Георги КЪНЧЕВ,HUSQVARNA 250,ЕНДУРО КЛУБ СЕВТОПОЛИС,03:30:51,,,1,3:30:51.6,10:09:00,13:39:51,12,27:45.7,
2020,hard_enduro_gorna-malina-2020-day1.pdf,Горна Малина 2020,1,СЕНЬОРИ,FIN,10,50,Панчо КУЗМАНОВ,Honda CR 250,СК АФГ ТИМ,05:07:09,,,1,5:07:09.6,10:07:30,15:14:39,11,2:04:03.7,
2020,hard_enduro_gorna-malina-2020-day1.pdf,Горна Малина 2020,1,СЕНЬОРИ,DNF,,303,Емил БРАТОЕВ KTM 300 EXC,,,,,,,,,,,,
2020,hard_enduro_gorna-malina-2020-day1.pdf,Горна Малина 2020,1,СЕНЬОРИ,DNF,,855,Руси ТЕНЕВ KTM 300 EXC,,,,,,,,,,,,
2020,hard_enduro_gorna-malina-2020-day1.pdf,Горна Малина 2020,1,ХОБИ,FIN,1,11,Иван ПЕЧЕВ,Husqvarna FX 350,МСК ЕНДУРО СЕВЛИЕВО,02:01:26,,,1,2:01:26.5,10:50:30,12:51:56,25,0,
2020,hard_enduro_gorna-malina-2020-day1.pdf,Горна Малина 2020,1,ХОБИ,FIN,2,181,Иван МИХОВ,yamaha yz 450,WINBET Hard Riders,02:06:31,,,1,2:06:31.7,11:04:30,13:11:01,22,5:05.2,
2020,hard_enduro_gorna-malina-2020-day1.pdf,Горна Малина 2020,1,ХОБИ,FIN,3,518,Камен ДОЧЕВ,KTM 350 EXC-F,МСК ЕНДУРО СЕВЛИЕВО,02:08:50,,,1,2:08:50.8,10:50:00,12:58:50,20,7:24.3,
2020,hard_enduro_gorna-malina-2020-day1.pdf,Горна Малина 2020,1,ХОБИ,FIN,4,321,Генади ИЛИЕВ,Husqvarna FE 350,АЛБА ДАМАСЦЕНА МСК,02:10:49,,,1,2:10:49.5,10:52:00,13:02:49,18,9:23.0,
2020,hard_enduro_gorna-malina-2020-day1.pdf,Горна Малина 2020,1,ХОБИ,FIN,5,9,Иван МИНКОВ,Husqvarna TX300,МСК ЕКС ЕНДУРО КЪРНАРЕ,02:17:54,,,1,2:17:54.0,10:52:30,13:10:24,16,16:27.5,
2020,hard_enduro_gorna-malina-2020-day1.pdf,Горна Малина 2020,1,ХОБИ,FIN,6,172,Михаил ПЕТРОВ,Ktm 200 exc,МСК ПРЕПАРАТОРИТЕ,02:19:40,,,1,2:19:40.5,10:55:00,13:14:40,15,18:14.0,
2020,hard_enduro_gorna-malina-2020-day1.pdf,Горна Малина 2020,1,ХОБИ,FIN,7,916,Росен ЖЕЛЯЗКОВ,KTM 350,СК РАЙД ЕНДУРО ЕООД,02:20:21,,,1,2:20:21.2,10:53:00,13:13:21,14,18:54.7,
2020,hard_enduro_gorna-malina-2020-day1.pdf,Горна Малина 2020,1,ХОБИ,FIN,8,627,Николай ИВАНОВ,Gas Gas ec300,МСК СБ МОТО РЕЙСИНГ ТИЙ,02:20:44,,,1,2:20:44.5,10:56:00,13:16:44,13,19:18.0,
2020,hard_enduro_gorna-malina-2020-day1.pdf,Горна Малина 2020,1,ХОБИ,FIN,9,89,Добрин ДОБРЕВ,Husqvarna TE300i,АЛБА ДАМАСЦЕНА МСК,02:22:46,,,1,2:22:46.2,10:53:30,13:16:16,12,21:19.7,
2020,hard_enduro_gorna-malina-2020-day1.pdf,Горна Малина 2020,1,ХОБИ,FIN,10,113,Васил ПЕТКОВ,КТМ,ЕК ЛУДА РАБОТА,02:24:14,,,1,2:24:14.2,11:11:00,13:35:14,11,22:47.7,
2020,hard_enduro_gorna-malina-2020-day1.pdf,Горна Малина 2020,1,ХОБИ,FIN,11,494,Антон НАНЕВ,Husqvarna,АЛБА ДАМАСЦЕНА МСК,02:24:16,,,1,2:24:16.5,10:55:30,13:19:46,10,22:50.0,
2020,hard_enduro_gorna-malina-2020-day1.pdf,Горна Малина 2020,1,ХОБИ,FIN,12,577,Драгомир СТАНЧЕВ,Beta 300 RR,МСК ЕНДУРО СЕВЛИЕВО,02:28:55,,,1,2:28:55.2,11:00:30,13:29:25,9,27:28.7,
2020,hard_enduro_gorna-malina-2020-day1.pdf,Горна Малина 2020,1,ХОБИ,FIN,13,504,Симеон БАРБУТСКИ,Beta 300 RR,МСК СБ МОТО РЕЙСИНГ ТИЙ,02:30:24,,,1,2:30:24.2,10:59:00,13:29:24,8,28:57.7,
2020,hard_enduro_gorna-malina-2020-day1.pdf,Горна Малина 2020,1,ХОБИ,FIN,14,190,Кирил НАЧЕВ,KTM EXC 300,МСК ХАРД ЕНДУРО ПЛЕВЕН,02:31:01,,,1,2:31:01.4,10:58:30,13:29:31,7,29:34.9,
2020,hard_enduro_gorna-malina-2020-day1.pdf,Горна Малина 2020,1,ХОБИ,FIN,15,607,Антон АНТОНОВ,Husqvarna TE300,МСК ЕНДУРО СЕВЛИЕВО,02:33:16,,,1,2:33:16.2,10:56:30,13:29:46,6,31:49.7,
2020,hard_enduro_gorna-malina-2020-day1.pdf,Горна Малина 2020,1,ХОБИ,FIN,16,323,Христо ДИМИТРОВ,Ktm 300 six days,АЛБА ДАМАСЦЕНА МСК,02:33:25,,,1,2:33:25.6,10:54:00,13:27:25,5,31:59.1,
2020,hard_enduro_gorna-malina-2020-day1.pdf,Горна Малина 2020,1,ХОБИ,FIN,17,204,Тодор ПЕТКОВ,Kawasaki kx450f,СК ЕКСТРИЙМ РЕЙСИНГ,02:33:33,,,1,2:33:33.4,10:57:30,13:31:03,4,32:06.9,
2020,hard_enduro_gorna-malina-2020-day1.pdf,Горна Малина 2020,1,ХОБИ,FIN,18,271,Мартин ЯНАКИЕВ,KTM SX-F 350,МСК БАБИЧКА РЕЙСИНГ,02:34:14,,,1,2:34:14.8,11:13:00,13:47:14,3,32:48.3,
2020,hard_enduro_gorna-malina-2020-day1.pdf,Горна Малина 2020,1,ХОБИ,FIN,19,87,Михаил ПЕТКОВ,Beta 300,МСК ХАРД ЕНДУРО ПЛЕВЕН,02:34:48,,,1,2:34:48.2,11:01:00,13:35:48,2,33:21.7,
2020,hard_enduro_gorna-malina-2020-day1.pdf,Горна Малина 2020,1,ХОБИ,FIN,20,535,Емил НИКОЛОВ,Husqvarna te 250,КРОС КЛУБ КИРКОВО,02:35:54,,,1,2:35:54.7,10:59:30,13:35:24,1,34:28.2,
2020,hard_enduro_gorna-malina-2020-day1.pdf,Горна Малина 2020,1,ХОБИ,FIN,21,34,Алек НИКОЛОВ,Ktm 450 Exc,КРОС КЛУБ КИРКОВО,02:39:32,,,1,2:39:32.4,11:10:00,13:49:32,0,38:05.9,
2020,hard_enduro_gorna-malina-2020-day1.pdf,Горна Малина 2020,1,ХОБИ,FIN,22,43,Николай НИКОЛОВ,Beta RR 450,КРОС КЛУБ КИРКОВО,02:46:38,,,1,2:46:38.8,11:02:30,13:49:08,0,45:12.3,
2020,hard_enduro_gorna-malina-2020-day1.pdf,Горна Малина 2020,1,ХОБИ,FIN,23,311,Недялко БОЧЕВ,ЕХЦ 300,МСК ЕКС ЕНДУРО КЪРНАРЕ,02:46:45,,,1,2:46:45.0,11:10:30,13:57:15,0,45:18.5,
2020,hard_enduro_gorna-malina-2020-day1.pdf,Горна Малина 2020,1,ХОБИ,FIN,24,140,Ерай РЕМЗИ,Gas Gas ec 250e,АЛБА ДАМАСЦЕНА МСК,02:17:14,00:30:00,,1,2:47:14.1,10:51:00,13:08:14,0,45:47.6,
2020,hard_enduro_gorna-malina-2020-day1.pdf,Горна Малина 2020,1,ХОБИ,FIN,25,196,Калоян НИКОЛОВ,Husqvarna TX300,МСК ХАРД ЕНДУРО ПЛЕВЕН,02:48:38,,,1,2:48:38.0,10:58:00,13:46:38,0,47:11.5,
2020,hard_enduro_gorna-malina-2020-day1.pdf,Горна Малина 2020,1,ХОБИ,FIN,26,412,Цветан МИХАЙЛОВ,Honda CRM 250,МСК СБ МОТО РЕЙСИНГ ТИЙ,02:20:03,00:30:00,,1,2:50:03.9,10:54:30,13:14:33,0,48:37.4,
2020,hard_enduro_gorna-malina-2020-day1.pdf,Горна Малина 2020,1,ХОБИ,FIN,27,524,Веселин СТОЙЧЕВ,Husqvarna TE 300i,МОТО ДРУЖИНА БАНСКО,02:53:18,,,1,2:53:18.3,11:04:00,13:57:18,0,51:51.8,
2020,hard_enduro_gorna-malina-2020-day1.pdf,Горна Малина 2020,1,ХОБИ,FIN,28,266,Стоян ГЕОРГИЕВ,Husqwarna 300 TE,МСК ПРЕПАРАТОРИТЕ,02:28:50,00:30:00,,1,2:58:50.9,11:08:30,13:37:20,0,57:24.4,
2020,hard_enduro_gorna-malina-2020-day1.pdf,Горна Малина 2020,1,ХОБИ,FIN,29,66,Добромир КОЙЧЕВ,KTM,ЕК ЛУДА РАБОТА,02:59:54,,,1,2:59:54.9,11:00:00,13:59:54,0,58:28.4,
2020,hard_enduro_gorna-malina-2020-day1.pdf,Горна Малина 2020,1,ХОБИ,FIN,30,404,Марин БИЛБИЛЕВ,Yamaha YZ 450,МСК СБ МОТО РЕЙСИНГ ТИЙ,03:05:10,,,1,3:05:10.6,11:05:30,14:10:40,0,1:03:44.1,
2020,hard_enduro_gorna-malina-2020-day1.pdf,Горна Малина 2020,1,ХОБИ,FIN,31,15,Мартин МАРИНОВ,Yamaha YZ 125,МК МАРИЦА РЕЙСИНГ ТИЙМ,03:05:40,,,1,3:05:40.0,11:01:30,14:07:10,0,1:04:13.5,
2020,hard_enduro_gorna-malina-2020-day1.pdf,Горна Малина 2020,1,ХОБИ,FIN,32,507,Дамян ДАМЯНОВ,HUSABERG TE 300,КРОС КЛУБ КИРКОВО,03:11:29,,,1,3:11:29.0,11:09:30,14:20:59,0,1:10:02.5,
2020,hard_enduro_gorna-malina-2020-day1.pdf,Горна Малина 2020,1,ХОБИ,FIN,33,67,Александър ВЕСКОВ,Kt 350,МОТО ДРУЖИНА БАНСКО,03:18:25,,,1,3:18:25.2,11:06:30,14:24:55,0,1:16:58.7,
2020,hard_enduro_gorna-malina-2020-day1.pdf,Горна Малина 2020,1,ХОБИ,FIN,34,512,Венелин ВАСИЛЕВ,КТМ,МСК СБ МОТО РЕЙСИНГ ТИЙ,03:23:51,,,1,3:23:51.4,11:03:00,14:26:51,0,1:22:24.9,
2020,hard_enduro_gorna-malina-2020-day1.pdf,Горна Малина 2020,1,ХОБИ,FIN,35,995,Еркан ЙОНКОВ,Ktm exc 250,АЛБА ДАМАСЦЕНА МСК,03:32:38,,,1,3:32:38.7,11:12:30,14:45:08,0,1:31:12.2,
2020,hard_enduro_gorna-malina-2020-day1.pdf,Горна Малина 2020,1,ХОБИ,FIN,36,141,Александър ПИРИШАНЧИН,KTM,МОТО ДРУЖИНА БАНСКО,04:01:20,,,1,4:01:20.2,11:07:30,15:08:50,0,1:59:53.7,
2020,hard_enduro_gorna-malina-2020-day1.pdf,Горна Малина 2020,1,ХОБИ,FIN,37,85,Стойчо БАНЕНСКИ,Ktm 300,МОТО ДРУЖИНА БАНСКО,04:01:39,,,1,4:01:39.9,11:07:00,15:08:39,0,2:00:13.4,
2020,hard_enduro_gorna-malina-2020-day1.pdf,Горна Малина 2020,1,ХОБИ,FIN,38,78,Мариан ДИМИТРОВ,Yamaha YZ 250F,WINBET Hard Riders,04:53:49,,,1,4:53:49.0,11:11:30,16:05:19,0,2:52:22.5,
2020,hard_enduro_gorna-malina-2020-day1.pdf,Горна Малина 2020,1,ХОБИ,FIN,39,166,Петър ПРОДАНОВ,Husaberg te 250,МСК СБ МОТО РЕЙСИНГ ТИЙ,05:16:28,,,1,5:16:28.6,11:03:30,16:19:58,0,3:15:02.1,
2020,hard_enduro_gorna-malina-2020-day1.pdf,Горна Малина 2020,1,ХОБИ,DNF,,72,Любен ДУРЧОВ Yamaha,,,,,,,,,,,,
2020,hard_enduro_gorna-malina-2020-day1.pdf,Горна Малина 2020,1,ХОБИ,DNF,,76,Иван ИВАНОВ Husaberg Fe 390 2:46:41.1,,,,,,,,,,,,
2020,hard_enduro_gorna-malina-2020-day1.pdf,Горна Малина 2020,1,ХОБИ,DNF,,163,Франц ИВАНОВ Gas Gas EC250,,,,,,,,,,,,
2020,hard_enduro_gorna-malina-2020-day1.pdf,Горна Малина 2020,1,ХОБИ,DNF,,171,Стефан СТЕФАНОВ КТМ exc250f,,,,,,,,,,,,
2020,hard_enduro_gorna-malina-2020-day1.pdf,Горна Малина 2020,1,ХОБИ,DNF,,221,Ивайло ВАЛЕОВ Husaberg 4:00:41.2,,,,,,,,,,,,
2020,hard_enduro_gorna-malina-2020-day1.pdf,Горна Малина 2020,1,ХОБИ,DNF,,273,Габриел ЕЛЕНКОВ Yamaha yzf 450,,,,,,,,,,,,
2020,hard_enduro_gorna-malina-2020-day1.pdf,Горна Малина 2020,1,ХОБИ,DNF,,276,Гюннур ХОДЖА Husqvarna 300,,,,,,,,,,,,
2020,hard_enduro_gorna-malina-2020-day1.pdf,Горна Малина 2020,1,ХОБИ,DNF,,308,Павел РУКОВ GAS GAS EC300,,,,,,,,,,,,
2020,hard_enduro_gorna-malina-2020-day1.pdf,Горна Малина 2020,1,ХОБИ,DNF,,338,Кристиан ЕМАНУИЛОВ КТМ 300,,,,,,,,,,,,
2020,hard_enduro_gorna-malina-2020-day1.pdf,Горна Малина 2020,1,ХОБИ,DNF,,506,Стилян ЙОСИФОВ KTM 250EXC,,,,,,,,,,,,
2020,hard_enduro_gorna-malina-2020-day1.pdf,Горна Малина 2020,1,ХОБИ,DNF,,962,Красимир ЕМАНУИЛОВ Yamaha YZ,,,,,,,,,,,,
2020,hard_enduro_gorna-malina-2020-day1.pdf,Горна Малина 2020,1,ЖЕНИ,FIN,1,623,Габриела МАРТИНОВА,KTM 125 EXC,СК ЕКСТРИЙМ РЕЙСИНГ,03:14:29,,,1,3:14:29.2,11:16:00,14:30:29,25,0,
2020,hard_enduro_gorna-malina-2020-day1.pdf,Горна Малина 2020,1,ЖЕНИ,FIN,2,788,Мария-Луиза РАЕВА,KTM 450,МК БОЛЯРИ,03:33:14,,,1,3:33:14.1,11:16:30,14:49:44,22,18:44.9,
